{
  "status": 1,
  "message": "Bible title listed success.",
  "details": [
    {
      "title": "Genesis",
      "title_three_letter": "Gen",
      "count": 50
    },
    {
      "title": "Exodus",
      "title_three_letter": "Exo",
      "count": 40
    },
    {
      "title": "Leviticus",
      "title_three_letter": "Lev",
      "count": 27
    },
    {
      "title": "Numbers",
      "title_three_letter": "Num",
      "count": 36
    },
    {
      "title": "Deuteronomy",
      "title_three_letter": "Deu",
      "count": 34
    },
    {
      "title": "Joshua",
      "title_three_letter": "Jos",
      "count": 24
    },
    {
      "title": "Judges",
      "title_three_letter": "Jud",
      "count": 21
    },
    {
      "title": "Ruth",
      "title_three_letter": "Rut",
      "count": 4
    },
    {
      "title": "1 Samuel",
      "title_three_letter": "1 S",
      "count": 31
    },
    {
      "title": "2 Samuel",
      "title_three_letter": "2 S",
      "count": 24
    },
    {
      "title": "1 Kings",
      "title_three_letter": "1 K",
      "count": 22
    },
    {
      "title": "2 Kings",
      "title_three_letter": "2 K",
      "count": 25
    },
    {
      "title": "1 Chronicles",
      "title_three_letter": "1 C",
      "count": 29
    },
    {
      "title": "2 Chronicles",
      "title_three_letter": "2 C",
      "count": 36
    },
    {
      "title": "Ezra",
      "title_three_letter": "Ezr",
      "count": 10
    },
    {
      "title": "Nehemiah",
      "title_three_letter": "Neh",
      "count": 13
    },
    {
      "title": "Esther",
      "title_three_letter": "Est",
      "count": 10
    },
    {
      "title": "Job",
      "title_three_letter": "Job",
      "count": 42
    },
    {
      "title": "Psalms",
      "title_three_letter": "Psa",
      "count": 150
    },
    {
      "title": "Proverbs",
      "title_three_letter": "Pro",
      "count": 31
    },
    {
      "title": "Ecclesiastes",
      "title_three_letter": "Ecc",
      "count": 12
    },
    {
      "title": "Song of Solomon",
      "title_three_letter": "Son",
      "count": 8
    },
    {
      "title": "Isaiah",
      "title_three_letter": "Isa",
      "count": 66
    },
    {
      "title": "Jeremiah",
      "title_three_letter": "Jer",
      "count": 52
    },
    {
      "title": "Lamentations",
      "title_three_letter": "Lam",
      "count": 5
    },
    {
      "title": "Ezekiel",
      "title_three_letter": "Eze",
      "count": 48
    },
    {
      "title": "Daniel",
      "title_three_letter": "Dan",
      "count": 12
    },
    {
      "title": "Hosea",
      "title_three_letter": "Hos",
      "count": 14
    },
    {
      "title": "Joel",
      "title_three_letter": "Joe",
      "count": 3
    },
    {
      "title": "Amos",
      "title_three_letter": "Amo",
      "count": 9
    },
    {
      "title": "Obadiah",
      "title_three_letter": "Oba",
      "count": 1
    },
    {
      "title": "Jonah",
      "title_three_letter": "Jon",
      "count": 4
    },
    {
      "title": "Micah",
      "title_three_letter": "Mic",
      "count": 7
    },
    {
      "title": "Nahum",
      "title_three_letter": "Nah",
      "count": 3
    },
    {
      "title": "Habakkuk",
      "title_three_letter": "Hab",
      "count": 3
    },
    {
      "title": "Zephaniah",
      "title_three_letter": "Zep",
      "count": 3
    },
    {
      "title": "Haggai",
      "title_three_letter": "Hag",
      "count": 2
    },
    {
      "title": "Zechariah",
      "title_three_letter": "Zec",
      "count": 14
    },
    {
      "title": "Malachi",
      "title_three_letter": "Mal",
      "count": 4
    }
  ]
}