{
    "products": [
        {
            "id": 1,
            "image": "hp-na-laptop-original-imaff7augnvgmznw.jpeg",
            "title": "HP 15 Core i5 8th Gen - (8 GB/1 TB HDD/DOS) 15-BS145TU Laptop ",
            "additionalInfo": "15.6 inch, SParkling Black, 2.1 kg",
            "price": 38990,
            "rating": 4.2,
            "reviews": 451
        },
        {
            "id": 2,
            "image": "hp-na-laptop-original-imaex8fhspprkq3p.jpeg",
            "title": "HP 15 Pentium Quad Core - (4 GB/1 TB HDD/DOS) 15Q-BU009TU Laptop",
            "additionalInfo": "15.6 inch, Black, 2.1 kg",
            "price": 21990,
            "rating": 4.1,
            "reviews": 2652
        },
        {
            "id": 3,
            "image": "lenovo-ip-320-laptop-original-imafffgvknqrjqtw.jpeg",
            "title": "Lenovo Ideapad Core i5 7th Gen - (8 GB/1 TB HDD/Windows 10 Home/2 GB Graphics) IP 320 Laptop",
            "additionalInfo": "15.6 inch, Black, 2.1 kg",
            "price": 45990,
            "rating": 4.3,
            "reviews": 8916
        },
        {
            "id": 4,
            "image": "lenovo-na-laptop-original-imaexjhtzgtnucgz.jpeg",
            "title": "Lenovo Core i5 7th Gen - (8 GB/1 TB HDD/DOS/2 GB Graphics) IP 320E Laptop",
            "additionalInfo": "15.6 inch, Onyx Black, 2.2 kg",
            "price": 41990,
            "rating": 4.3,
            "reviews": 8916
        },
        {
            "id": 5,
            "image": "41ljqmgLh2L._AC_US218_.jpg",
            "title": "Mivi 5 port 8A Desktop USB Turbo Charging Station HUB (Black)",
            "additionalInfo": "",
            "price": 1999,
            "rating": 4.9,
            "reviews": 5916
        },
        {
            "id": 6,
            "image": "41uh6IXqEpL._AC_US218_.jpg",
            "title": "ShopReals Hi Speed Travel Charger With 1 Meter Micro USB Charging Data Cable 2 Amp (Black)",
            "additionalInfo": "",
            "price": 399,
            "rating": 3.9,
            "reviews": 1916
        },
        {
            "id": 7,
            "image": "41wAx7YKIzL._AC_US218_.jpg",
            "title": "Mivi 3.1A Dual Port Smart Wall Charge Adapter With In-Built Auto-Detect Technology For All Smartphones (Yellow)",
            "additionalInfo": "",
            "price": 699,
            "rating": 3.0,
            "reviews": 1222
        },
        {
            "id": 8,
            "image": "317fgK68LGL._AC_US218_.jpg",
            "title": "Apple MD818ZM/A Lightning Connector to USB Cable, 1 Meter - (White)",
            "additionalInfo": "",
            "price": 1099,
            "rating": 3.7,
            "reviews": 1223
        },
        {
            "id": 9,
            "image": "41PtXoa6EQL._AC_US218_.jpg",
            "title": "SaleOn™ 3AMP Turbo Charger For Motorola-393",
            "additionalInfo": "",
            "price": 499,
            "rating": 2.7,
            "reviews": 1023
        },
        {
            "id": 10,
            "image": "51ykkU3zX-L._AC_US218_.jpg",
            "title": "Apple MacBook Air MQD32HN/A 13.3-inch Laptop 2017 (Core i5/8GB/128GB/MacOS Sierra/Integrated Graphics)",
            "additionalInfo": "",
            "price": 55990,
            "rating": 4.5,
            "reviews": 9923
        },
        {
            "id": 11,
            "image": "314mjuudkML._AC_US218_.jpg",
            "title": "Apple Mac Pro: 3.0GHz 8-Core Intel Xeon E5 (MQGG2HN/A)",
            "additionalInfo": "",
            "price": 304800,
            "rating": 4.0,
            "reviews": 1123
        },
        {
            "id": 12,
            "image": "314mjuudkML._AC_US218_.jpg",
            "title": "Apple Mac Mini MGEN2HN/A Desktop PC (Dual Core i5/8GB/1TB/X Yosemite/Integrated Graphics), Silver",
            "additionalInfo": "",
            "price": 55799,
            "rating": 4.0,
            "reviews": 1123
        },
        {
            "id": 13,
            "image": "51G4Ma1StgL._AC_US218_.jpg",
            "title": "Apple MPXT2HN/A Laptop (Core i5/8GB/256GB/Mac OS Sierra/Integrated Graphics), Space Grey",
            "additionalInfo": "",
            "price": 116439,
            "rating": 4.3,
            "reviews": 1123
        },
        {
            "id": 14,
            "image": "31rvbgutLfL._AC_US218_.jpg",
            "title": "Apple MPXR2HN/A 13.3-inch Laptop (Core i5/8GB/128GB/Mac OS/Integrated Graphics)",
            "additionalInfo": "",
            "price": 95270,
            "rating": 4.1,
            "reviews": 1123
        },
        {
            "id": 15,
            "image": "418OSxYHpEL._AC_US218_.jpg",
            "title": "Monika Creations Macbook Pro Decals Macbook Stickers Mac Decals Mac Stickers Vinyl Decal Fit upto 11",
            "additionalInfo": "",
            "price": 199,
            "rating": 4.8,
            "reviews": 1123
        },
        {
            "id": 16,
            "image": "51BP5YAqteL._AC_UL260_SR200,260_FMwebp_QL70_.jpg",
            "title": "American Tourister 20 Ltrs Blue Small Casual Backpack (AMT HOOP BACKPACK-BLUE)",
            "additionalInfo": "",
            "price": 563,
            "rating": 3.8,
            "reviews": 3123
        },
        {
            "id": 17,
            "image": "51LyZuEsO7L._AC_UL260_SR200,260_FMwebp_QL70_.jpg",
            "title": "Quechua 630328 ARP Polyester Backpack, 10Liters (Blue)",
            "additionalInfo": "",
            "price": 375,
            "rating": 4.2,
            "reviews": 3023
        },
        {
            "id": 18,
            "image": "51mPbfjvKzL._AC_UL260_SR200,260_FMwebp_QL70_.jpg",
            "title": "F Gear 19 Ltrs White Casual Backpack (2184)",
            "additionalInfo": "",
            "price": 795,
            "rating": 4.1,
            "reviews": 2023
        },
        {
            "id": 19,
            "image": "41Q8DK86K5L._AC_UL260_SR200,260_FMwebp_QL70_.jpg",
            "title": "Quechua 10 Ltr Black Trekking Backpack",
            "additionalInfo": "",
            "price": 385,
            "rating": 3.1,
            "reviews": 1023
        },
        {
            "id": 20,
            "image": "416U26VoMuL._AC_UL260_SR200,260_FMwebp_QL70_.jpg",
            "title": "F Gear 27 Ltrs Navy Blue Laptop Backpack (1860)",
            "additionalInfo": "",
            "price": 894,
            "rating": 4.0,
            "reviews": 5023
        },
        {
            "id": 21,
            "image": "51Ig4inIrtL._AC_UL260_SR200,260_FMwebp_QL70_.jpg",
            "title": "Quechua 10 Ltr Grey-Green Trekking Backpack",
            "additionalInfo": "",
            "price": 399,
            "rating": 3.0,
            "reviews": 5023
        },
        {
            "id": 22,
            "image": "41tYWCJoUlL._AC_US160_FMwebp_QL70_.jpg",
            "title": "LG Q6 (Platinum, 18:9 FullVision Display)",
            "additionalInfo": "",
            "price": 10999,
            "rating": 3.3,
            "reviews": 5091
        },
        {
            "id": 23,
            "image": "41P7FzD71VL._AC_US160_FMwebp_QL70_.jpg",
            "title": "Huawei P20 Lite Blue (19:9 Full View Display, 24MP Front Camera, 64GB)",
            "additionalInfo": "",
            "price": 19999,
            "rating": 4.0,
            "reviews": 4091
        },
        {
            "id": 24,
            "image": "41pZQnKrbSL._AC_US160_FMwebp_QL70_.jpg",
            "title": "Lava A52 (Black, 4GB)",
            "additionalInfo": "",
            "price": 1099,
            "rating": 4.0,
            "reviews": 4491
        },
        {
            "id": 25,
            "image": "41K6qqxXKWL._AC_US160_FMwebp_QL70_.jpg",
            "title": "Sony Xperia R1 Dual (Black, 16GB)",
            "additionalInfo": "",
            "price": 10170,
            "rating": 3.0,
            "reviews": 4891
        },
        {
            "id": 26,
            "image": "41NF6Om3xLL._AC_US160_FMwebp_QL70_.jpg",
            "title": "InFocus Vision 3 (Midnight Black, 18:9 FullVision Display)",
            "additionalInfo": "",
            "price": 5170,
            "rating": 3.0,
            "reviews": 4891
        },
        {
            "id": 27,
            "image": "41RluvmrWTL._AC_US160_FMwebp_QL70_.jpg",
            "title": "Redmi 4 (Black, 32 GB)",
            "additionalInfo": "",
            "price": 10999,
            "rating": 4.0,
            "reviews": 7895
        },
        {
            "id": 28,
            "image": "41INpKtZV-L._AC_US160_FMwebp_QL70_.jpg",
            "title": "Samsung On7 Pro (Gold)",
            "additionalInfo": "",
            "price": 10999,
            "rating": 4.0,
            "reviews": 7895
        },
        {
            "id": 29,
            "image": "51LKWiyAu9L._AC_US160_FMwebp_QL70_.jpg",
            "title": "Aqua Maze (Dual Sim, 1000 Mah Battery,Black-Red)",
            "additionalInfo": "",
            "price": 675,
            "rating": 3.5,
            "reviews": 1895
        },
        {
            "id": 30,
            "image": "41rNTN+StWL._AC_US160_FMwebp_QL70_.jpg",
            "title": "JioPhone (Black)-Security Deposit",
            "additionalInfo": "",
            "price": 1500,
            "rating": 3.8,
            "reviews": 1095
        },
        {
            "id": 31,
            "image": "51RYJhxH-VL._AC_US160_FMwebp_QL70_.jpg",
            "title": "Illusion Yellow, Sky Blue & Red Polo T-Shirt",
            "additionalInfo": "",
            "price": 765,
            "rating": 2.9,
            "reviews": 195
        },
        {
            "id": 32,
            "image": "41YLiT06KXL._AC_US160_FMwebp_QL70_.jpg",
            "title": "Finity Stylish & Fashionable Grey Polyester Gym and Casual T-Shirt For Men",
            "additionalInfo": "",
            "price": 605,
            "rating": 2.9,
            "reviews": 195
        },
        {
            "id": 33,
            "image": "41OYDEtZV5L._AC_US160_FMwebp_QL70_.jpg",
            "title": "Kevin 122 cm (48 inches) KN50FHD Full HD LED Smart TV",
            "additionalInfo": "",
            "price": 27990,
            "rating": 3.4,
            "reviews": 3095
        },
        {
            "id": 34,
            "image": "417HuGb4XBL._AC_US160_FMwebp_QL70_.jpg",
            "title": "Kevin 80 cm (32 Inches) K32CV338H HD Ready Smart LED TV (Black)",
            "additionalInfo": "",
            "price": 12990,
            "rating": 3.6,
            "reviews": 3095
        },
        {
            "id": 35,
            "image": "51bd3oD+57L._AC_US160_FMwebp_QL70_.jpg",
            "title": "Sanyo 80 cm (32 inches) XT-32S7000H HD Ready LED TV (Black)",
            "additionalInfo": "",
            "price": 13490,
            "rating": 3.8,
            "reviews": 4095
        },
        {
            "id": 36,
            "image": "51-WaTD3kTL._AC_US160_FMwebp_QL70_.jpg",
            "title": "Dektron 50 cm (20 inches) DK2077HDR HD Ready LED TV",
            "additionalInfo": "",
            "price": 6490,
            "rating": 4.0,
            "reviews": 1095
        },
        {
            "id": 37,
            "image": "51pI1MZ-lYL._AC_US160_FMwebp_QL70_.jpg",
            "title": "TCL 99.1 cm (39 inches) L39D2900 Full HD LED TV (Black)",
            "additionalInfo": "",
            "price": 22990,
            "rating": 4.2,
            "reviews": 4395
        },
        {
            "id": 38,
            "image": "517topdZv2L._AC_UL260_SR200,260_FMwebp_QL70_.jpg",
            "title": "Diverse Men's Checkered Regular Fit Casual Shirt",
            "additionalInfo": "",
            "price": 625,
            "rating": 3.2,
            "reviews": 1395
        },
        {
            "id": 39,
            "image": "41pTBl99cIL._AC_UL260_SR200,260_FMwebp_QL70_.jpg",
            "title": "Diverse Men's Solid Regular Fit Casual Shirt",
            "additionalInfo": "",
            "price": 539,
            "rating": 3.6,
            "reviews": 1295
        },
        {
            "id":40,
            "image": "41vaqkl-%2B7L._AC_UL260_SR200,260_FMwebp_QL70_.jpg",
            "title": "United Colors of Benetton Men's Printed Slim Fit Casual Shirt",
            "additionalInfo": "",
            "price": 950,
            "rating": 4.0,
            "reviews": 1995
        }
    ]
}